variant,MMLU,MMLU_lo,MMLU_hi,MMLU_N,ARC-C,ARC-C_lo,ARC-C_hi,ARC-C_N,HellaSwag,HellaSwag_lo,HellaSwag_hi,HellaSwag_N,WinoGrande,WinoGrande_lo,WinoGrande_hi,WinoGrande_N,TruthfulQA,TruthfulQA_lo,TruthfulQA_hi,TruthfulQA_N,BoolQ,BoolQ_lo,BoolQ_hi,BoolQ_N,GSM8K,GSM8K_lo,GSM8K_hi,GSM8K_N,Macro,Macro_lo,Macro_hi
SFT baseline,0.5018,0.4765,0.5270,1425,0.4488,0.4203,0.4773,1172,0.6660,0.6368,0.6952,1000,0.6890,0.6635,0.7145,1267,0.5058,0.4752,0.5364,817,0.7940,0.7689,0.8191,1000,0.1550,0.1047,0.2053,200,0.5372,0.5252,0.5492
O HIGH β=0.01,0.5081,0.4828,0.5333,1425,0.4522,0.4237,0.4807,1172,0.6620,0.6327,0.6913,1000,0.6867,0.6611,0.7122,1267,0.5054,0.4747,0.5362,817,0.8000,0.7752,0.8248,1000,0.1500,0.1004,0.1996,200,0.5378,0.5258,0.5497
O HIGH β=0.1,0.5095,0.4842,0.5347,1425,0.4522,0.4237,0.4807,1172,0.6620,0.6327,0.6913,1000,0.6898,0.6643,0.7153,1267,0.5051,0.4744,0.5359,817,0.7990,0.7741,0.8239,1000,0.1550,0.1047,0.2053,200,0.5389,0.5270,0.5509
O HIGH β=0.5,0.5060,0.4807,0.5312,1425,0.4514,0.4229,0.4799,1172,0.6630,0.6337,0.6923,1000,0.6930,0.6676,0.7184,1267,0.5048,0.4740,0.5355,817,0.7990,0.7741,0.8239,1000,0.1500,0.1004,0.1996,200,0.5382,0.5262,0.5501
O LOW β=0.01,0.5039,0.4785,0.5292,1425,0.4437,0.4152,0.4721,1172,0.6640,0.6347,0.6933,1000,0.6843,0.6587,0.7099,1267,0.5065,0.4760,0.5370,817,0.7930,0.7679,0.8181,1000,0.1500,0.1004,0.1996,200,0.5350,0.5231,0.5470
O LOW β=0.1,0.5032,0.4778,0.5285,1425,0.4454,0.4169,0.4739,1172,0.6630,0.6337,0.6923,1000,0.6859,0.6603,0.7114,1267,0.5063,0.4758,0.5369,817,0.7920,0.7668,0.8172,1000,0.1500,0.1004,0.1996,200,0.5351,0.5232,0.5471
O LOW β=0.5,0.5039,0.4785,0.5292,1425,0.4445,0.4161,0.4730,1172,0.6640,0.6347,0.6933,1000,0.6867,0.6611,0.7122,1267,0.5068,0.4762,0.5373,817,0.7930,0.7679,0.8181,1000,0.1500,0.1004,0.1996,200,0.5355,0.5236,0.5475
C HIGH β=0.01,0.5053,0.4800,0.5306,1425,0.4522,0.4237,0.4807,1172,0.6600,0.6306,0.6894,1000,0.6890,0.6635,0.7145,1267,0.5078,0.4771,0.5386,817,0.7990,0.7741,0.8239,1000,0.1450,0.0961,0.1939,200,0.5369,0.5250,0.5488
C HIGH β=0.1,0.5081,0.4828,0.5334,1425,0.4539,0.4254,0.4824,1172,0.6610,0.6316,0.6904,1000,0.6890,0.6635,0.7145,1267,0.5082,0.4774,0.5390,817,0.7980,0.7731,0.8229,1000,0.1450,0.0961,0.1939,200,0.5376,0.5257,0.5495
C HIGH β=0.5,0.5053,0.4800,0.5305,1425,0.4522,0.4237,0.4807,1172,0.6600,0.6306,0.6894,1000,0.6867,0.6611,0.7122,1267,0.5079,0.4771,0.5386,817,0.7980,0.7731,0.8229,1000,0.1600,0.1091,0.2109,200,0.5386,0.5265,0.5506
C LOW β=0.01,0.5025,0.4772,0.5277,1425,0.4454,0.4169,0.4739,1172,0.6630,0.6337,0.6923,1000,0.6875,0.6619,0.7130,1267,0.5044,0.4739,0.5349,817,0.7940,0.7689,0.8191,1000,0.1600,0.1091,0.2109,200,0.5367,0.5246,0.5487
C LOW β=0.1,0.5060,0.4807,0.5313,1425,0.4445,0.4161,0.4730,1172,0.6620,0.6327,0.6913,1000,0.6843,0.6587,0.7099,1267,0.5045,0.4740,0.5350,817,0.7930,0.7679,0.8181,1000,0.1500,0.1004,0.1996,200,0.5349,0.5230,0.5468
C LOW β=0.5,0.5004,0.4751,0.5256,1425,0.4437,0.4152,0.4721,1172,0.6620,0.6327,0.6913,1000,0.6843,0.6587,0.7099,1267,0.5042,0.4737,0.5347,817,0.7930,0.7679,0.8181,1000,0.1550,0.1047,0.2053,200,0.5346,0.5226,0.5466
E HIGH β=0.01,0.5039,0.4785,0.5292,1425,0.4505,0.4220,0.4790,1172,0.6610,0.6316,0.6904,1000,0.6875,0.6619,0.7130,1267,0.5036,0.4728,0.5343,817,0.7920,0.7668,0.8172,1000,0.1650,0.1134,0.2166,200,0.5376,0.5255,0.5498
E HIGH β=0.1,0.5053,0.4799,0.5306,1425,0.4514,0.4229,0.4799,1172,0.6610,0.6316,0.6904,1000,0.6898,0.6643,0.7153,1267,0.5038,0.4731,0.5345,817,0.7910,0.7658,0.8162,1000,0.1450,0.0961,0.1939,200,0.5353,0.5234,0.5472
E HIGH β=0.5,0.5039,0.4786,0.5291,1425,0.4514,0.4229,0.4799,1172,0.6620,0.6327,0.6913,1000,0.6882,0.6627,0.7138,1267,0.5038,0.4730,0.5345,817,0.7920,0.7668,0.8172,1000,0.1600,0.1091,0.2109,200,0.5373,0.5253,0.5494
E LOW β=0.01,0.5039,0.4786,0.5291,1425,0.4471,0.4186,0.4756,1172,0.6640,0.6347,0.6933,1000,0.6859,0.6603,0.7114,1267,0.5080,0.4775,0.5385,817,0.7960,0.7710,0.8210,1000,0.1550,0.1047,0.2053,200,0.5371,0.5251,0.5491
E LOW β=0.1,0.5025,0.4772,0.5277,1425,0.4454,0.4169,0.4739,1172,0.6650,0.6357,0.6943,1000,0.6859,0.6603,0.7114,1267,0.5077,0.4771,0.5382,817,0.7970,0.7721,0.8219,1000,0.1500,0.1004,0.1996,200,0.5362,0.5243,0.5481
E LOW β=0.5,0.5032,0.4779,0.5284,1425,0.4445,0.4161,0.4730,1172,0.6620,0.6327,0.6913,1000,0.6890,0.6635,0.7145,1267,0.5076,0.4770,0.5381,817,0.7970,0.7721,0.8219,1000,0.1450,0.0961,0.1939,200,0.5355,0.5236,0.5473
A HIGH β=0.01,0.5067,0.4815,0.5319,1425,0.4505,0.4220,0.4790,1172,0.6630,0.6337,0.6923,1000,0.6906,0.6651,0.7161,1267,0.5097,0.4790,0.5404,817,0.7990,0.7741,0.8239,1000,0.1550,0.1047,0.2053,200,0.5392,0.5272,0.5512
A HIGH β=0.1,0.5067,0.4815,0.5319,1425,0.4514,0.4229,0.4799,1172,0.6610,0.6316,0.6904,1000,0.6890,0.6635,0.7145,1267,0.5097,0.4790,0.5404,817,0.8020,0.7773,0.8267,1000,0.1750,0.1222,0.2278,200,0.5421,0.5299,0.5543
A HIGH β=0.5,0.5053,0.4801,0.5304,1425,0.4497,0.4212,0.4782,1172,0.6630,0.6337,0.6923,1000,0.6922,0.6668,0.7176,1267,0.5084,0.4777,0.5391,817,0.7990,0.7741,0.8239,1000,0.1450,0.0961,0.1939,200,0.5375,0.5256,0.5494
A LOW β=0.01,0.5060,0.4807,0.5313,1425,0.4454,0.4169,0.4739,1172,0.6630,0.6337,0.6923,1000,0.6867,0.6611,0.7122,1267,0.5033,0.4728,0.5339,817,0.7860,0.7606,0.8114,1000,0.1500,0.1004,0.1996,200,0.5343,0.5224,0.5463
A LOW β=0.1,0.5074,0.4821,0.5327,1425,0.4462,0.4178,0.4747,1172,0.6620,0.6327,0.6913,1000,0.6851,0.6595,0.7107,1267,0.5032,0.4727,0.5338,817,0.7880,0.7627,0.8133,1000,0.1600,0.1091,0.2109,200,0.5360,0.5239,0.5481
A LOW β=0.5,0.5039,0.4786,0.5291,1425,0.4437,0.4152,0.4721,1172,0.6650,0.6357,0.6943,1000,0.6867,0.6611,0.7122,1267,0.5029,0.4723,0.5334,817,0.7920,0.7668,0.8172,1000,0.1600,0.1091,0.2109,200,0.5363,0.5242,0.5483
N HIGH β=0.01,0.5018,0.4765,0.5270,1425,0.4488,0.4203,0.4773,1172,0.6640,0.6347,0.6933,1000,0.6851,0.6595,0.7107,1267,0.5047,0.4741,0.5353,817,0.7990,0.7741,0.8239,1000,0.1650,0.1134,0.2166,200,0.5383,0.5262,0.5504
N HIGH β=0.1,0.5032,0.4779,0.5284,1425,0.4488,0.4203,0.4773,1172,0.6640,0.6347,0.6933,1000,0.6875,0.6619,0.7130,1267,0.5041,0.4735,0.5348,817,0.8010,0.7762,0.8258,1000,0.1650,0.1134,0.2166,200,0.5391,0.5270,0.5512
N HIGH β=0.5,0.5046,0.4793,0.5298,1425,0.4488,0.4203,0.4773,1172,0.6640,0.6347,0.6933,1000,0.6867,0.6611,0.7122,1267,0.5046,0.4740,0.5353,817,0.8000,0.7752,0.8248,1000,0.1600,0.1091,0.2109,200,0.5384,0.5263,0.5504
N LOW β=0.01,0.5025,0.4771,0.5278,1425,0.4488,0.4203,0.4773,1172,0.6630,0.6337,0.6923,1000,0.6890,0.6635,0.7145,1267,0.5070,0.4763,0.5376,817,0.7940,0.7689,0.8191,1000,0.1500,0.1004,0.1996,200,0.5363,0.5244,0.5483
N LOW β=0.1,0.5032,0.4779,0.5284,1425,0.4480,0.4195,0.4764,1172,0.6620,0.6327,0.6913,1000,0.6898,0.6643,0.7153,1267,0.5075,0.4768,0.5382,817,0.7940,0.7689,0.8191,1000,0.1500,0.1004,0.1996,200,0.5363,0.5244,0.5483
N LOW β=0.5,0.5032,0.4779,0.5284,1425,0.4488,0.4203,0.4773,1172,0.6620,0.6327,0.6913,1000,0.6890,0.6635,0.7145,1267,0.5078,0.4771,0.5385,817,0.7920,0.7668,0.8172,1000,0.1600,0.1091,0.2109,200,0.5375,0.5255,0.5496
