task,country,age_bracket,sex,n,mean,std,sem,ci95
"CrowS-Pairs (%stereotype, lower=better)",Australia,18-24,female,25,0.59904,0.0050701742,0.0010140348,0.0019875083
"CrowS-Pairs (%stereotype, lower=better)",Australia,18-24,male,25,0.5952,0.0081240384,0.0016248077,0.0031846231
"CrowS-Pairs (%stereotype, lower=better)",Australia,25-34,female,25,0.59968,0.0050556899,0.001011138,0.0019818304
"CrowS-Pairs (%stereotype, lower=better)",Australia,25-34,male,25,0.59664,0.0056780278,0.0011356056,0.0022257869
"CrowS-Pairs (%stereotype, lower=better)",Australia,35+,female,25,0.5972,0.0064807407,0.0012961481,0.0025404504
"CrowS-Pairs (%stereotype, lower=better)",Australia,35+,male,25,0.59616,0.0062428626,0.0012485725,0.0024472021
"CrowS-Pairs (%stereotype, lower=better)",Brazil,18-24,female,25,0.59768,0.0070161718,0.0014032344,0.0027503393
"CrowS-Pairs (%stereotype, lower=better)",Brazil,18-24,male,25,0.5964,0.0057445626,0.0011489125,0.0022518686
"CrowS-Pairs (%stereotype, lower=better)",Brazil,25-34,female,25,0.59728,0.0059688078,0.0011937616,0.0023397727
"CrowS-Pairs (%stereotype, lower=better)",Brazil,25-34,male,25,0.59704,0.0051029403,0.0010205881,0.0020003526
"CrowS-Pairs (%stereotype, lower=better)",Brazil,35+,female,25,0.59696,0.0065094803,0.0013018961,0.0025517163
"CrowS-Pairs (%stereotype, lower=better)",Brazil,35+,male,25,0.59864,0.0048894444,0.00097788888,0.0019166622
"CrowS-Pairs (%stereotype, lower=better)",China,18-24,female,25,0.59624,0.0056662745,0.0011332549,0.0022211796
"CrowS-Pairs (%stereotype, lower=better)",China,18-24,male,25,0.59648,0.004908496,0.00098169921,0.0019241304
"CrowS-Pairs (%stereotype, lower=better)",China,25-34,female,25,0.59864,0.0062375209,0.0012475042,0.0024451082
"CrowS-Pairs (%stereotype, lower=better)",China,25-34,male,25,0.598,0.0049328829,0.00098657657,0.0019336901
"CrowS-Pairs (%stereotype, lower=better)",China,35+,female,25,0.59824,0.0060915242,0.0012183048,0.0023878775
"CrowS-Pairs (%stereotype, lower=better)",China,35+,male,25,0.59776,0.0047370877,0.00094741754,0.0018569384
"CrowS-Pairs (%stereotype, lower=better)",Germany,18-24,female,25,0.59672,0.0049625262,0.00099250525,0.0019453103
"CrowS-Pairs (%stereotype, lower=better)",Germany,18-24,male,25,0.59552,0.0051081634,0.0010216327,0.0020024001
"CrowS-Pairs (%stereotype, lower=better)",Germany,25-34,female,25,0.59688,0.0058901047,0.0011780209,0.002308921
"CrowS-Pairs (%stereotype, lower=better)",Germany,25-34,male,25,0.5956,0.0049328829,0.00098657657,0.0019336901
"CrowS-Pairs (%stereotype, lower=better)",Germany,35+,female,25,0.59752,0.0060077727,0.0012015545,0.0023550469
"CrowS-Pairs (%stereotype, lower=better)",Germany,35+,male,25,0.59288,0.0075736385,0.0015147277,0.0029688663
"CrowS-Pairs (%stereotype, lower=better)",India,18-24,female,25,0.59832,0.0074984443,0.0014996889,0.0029393902
"CrowS-Pairs (%stereotype, lower=better)",India,18-24,male,25,0.598,0.0055377492,0.0011075498,0.0021707977
"CrowS-Pairs (%stereotype, lower=better)",India,25-34,female,25,0.59776,0.0065655667,0.0013131133,0.0025737022
"CrowS-Pairs (%stereotype, lower=better)",India,25-34,male,25,0.59744,0.0044166352,0.00088332704,0.001731321
"CrowS-Pairs (%stereotype, lower=better)",India,35+,female,25,0.59576,0.0067161497,0.0013432299,0.0026327307
"CrowS-Pairs (%stereotype, lower=better)",India,35+,male,25,0.59928,0.0050950957,0.0010190191,0.0019972775
"CrowS-Pairs (%stereotype, lower=better)",South Afric,18-24,female,25,0.59816,0.005535341,0.0011070682,0.0021698537
"CrowS-Pairs (%stereotype, lower=better)",South Afric,18-24,male,25,0.59416,0.0065299311,0.0013059862,0.002559733
"CrowS-Pairs (%stereotype, lower=better)",South Afric,25-34,female,25,0.59856,0.0062321746,0.0012464349,0.0024430124
"CrowS-Pairs (%stereotype, lower=better)",South Afric,25-34,male,25,0.59664,0.0046804558,0.00093609116,0.0018347387
"CrowS-Pairs (%stereotype, lower=better)",South Afric,35+,female,25,0.59752,0.0046288948,0.00092577895,0.0018145267
"CrowS-Pairs (%stereotype, lower=better)",South Afric,35+,male,25,0.59832,0.0038591882,0.00077183763,0.0015128018
"CrowS-Pairs (%stereotype, lower=better)",USA,18-24,female,25,0.59936,0.0060475891,0.0012095178,0.0023706549
"CrowS-Pairs (%stereotype, lower=better)",USA,18-24,male,25,0.5976,0.0075938572,0.0015187714,0.002976792
"CrowS-Pairs (%stereotype, lower=better)",USA,25-34,female,25,0.59832,0.0044226689,0.00088453378,0.0017336862
"CrowS-Pairs (%stereotype, lower=better)",USA,25-34,male,25,0.5964,0.0051316014,0.0010263203,0.0020115878
"CrowS-Pairs (%stereotype, lower=better)",USA,35+,female,25,0.59848,0.0053628351,0.001072567,0.0021022313
"CrowS-Pairs (%stereotype, lower=better)",USA,35+,male,25,0.59416,0.0055653691,0.0011130738,0.0021816247
ETHICS commonsense,Australia,18-24,female,25,0.78232,0.011294246,0.0022588493,0.0044273446
ETHICS commonsense,Australia,18-24,male,25,0.78528,0.012136446,0.0024272893,0.004757487
ETHICS commonsense,Australia,25-34,female,25,0.78072,0.010643934,0.0021287868,0.0041724222
ETHICS commonsense,Australia,25-34,male,25,0.78272,0.01180226,0.0023604519,0.0046264858
ETHICS commonsense,Australia,35+,female,25,0.78728,0.0099478641,0.0019895728,0.0038995627
ETHICS commonsense,Australia,35+,male,25,0.78592,0.010931301,0.0021862601,0.0042850698
ETHICS commonsense,Brazil,18-24,female,25,0.78432,0.010176443,0.0020352887,0.0039891658
ETHICS commonsense,Brazil,18-24,male,25,0.78384,0.012700656,0.0025401312,0.0049786572
ETHICS commonsense,Brazil,25-34,female,25,0.79112,0.0099344518,0.0019868904,0.0038943051
ETHICS commonsense,Brazil,25-34,male,25,0.79184,0.009711162,0.0019422324,0.0038067755
ETHICS commonsense,Brazil,35+,female,25,0.78536,0.010980589,0.0021961178,0.0043043909
ETHICS commonsense,Brazil,35+,male,25,0.78912,0.013881402,0.0027762805,0.0054415098
ETHICS commonsense,China,18-24,female,25,0.78816,0.012502266,0.0025004533,0.0049008885
ETHICS commonsense,China,18-24,male,25,0.78848,0.013751121,0.0027502242,0.0053904395
ETHICS commonsense,China,25-34,female,25,0.78832,0.013523806,0.0027047612,0.005301332
ETHICS commonsense,China,25-34,male,25,0.79064,0.012645421,0.0025290842,0.0049570049
ETHICS commonsense,China,35+,female,25,0.7892,0.011633286,0.0023266571,0.0045602479
ETHICS commonsense,China,35+,male,25,0.79344,0.0092649879,0.0018529976,0.0036318752
ETHICS commonsense,Germany,18-24,female,25,0.78712,0.014072195,0.002814439,0.0055163004
ETHICS commonsense,Germany,18-24,male,25,0.77776,0.011347834,0.0022695668,0.0044483509
ETHICS commonsense,Germany,25-34,female,25,0.78392,0.0093001792,0.0018600358,0.0036456703
ETHICS commonsense,Germany,25-34,male,25,0.77944,0.0085930204,0.0017186041,0.003368464
ETHICS commonsense,Germany,35+,female,25,0.7868,0.01344123,0.002688246,0.0052689622
ETHICS commonsense,Germany,35+,male,25,0.78016,0.0074592225,0.0014918445,0.0029240152
ETHICS commonsense,India,18-24,female,25,0.7992,0.013771952,0.0027543904,0.0053986053
ETHICS commonsense,India,18-24,male,25,0.7916,0.011803954,0.0023607908,0.00462715
ETHICS commonsense,India,25-34,female,25,0.78928,0.012998461,0.0025996923,0.0050953969
ETHICS commonsense,India,25-34,male,25,0.79024,0.011794349,0.0023588698,0.0046233848
ETHICS commonsense,India,35+,female,25,0.79288,0.014469278,0.0028938556,0.0056719569
ETHICS commonsense,India,35+,male,25,0.79264,0.012605819,0.0025211638,0.004941481
ETHICS commonsense,South Afric,18-24,female,25,0.78312,0.015243359,0.0030486718,0.0059753968
ETHICS commonsense,South Afric,18-24,male,25,0.78704,0.014237509,0.0028475018,0.0055811036
ETHICS commonsense,South Afric,25-34,female,25,0.78496,0.010167268,0.0020334535,0.003985569
ETHICS commonsense,South Afric,25-34,male,25,0.78704,0.01176322,0.0023526439,0.004611182
ETHICS commonsense,South Afric,35+,female,25,0.78776,0.010974516,0.0021949032,0.0043020102
ETHICS commonsense,South Afric,35+,male,25,0.78472,0.013352653,0.0026705305,0.0052342398
ETHICS commonsense,USA,18-24,female,25,0.78376,0.016636506,0.0033273012,0.0065215104
ETHICS commonsense,USA,18-24,male,25,0.78648,0.0096484887,0.0019296977,0.0037822076
ETHICS commonsense,USA,25-34,female,25,0.78296,0.0090759756,0.0018151951,0.0035577824
ETHICS commonsense,USA,25-34,male,25,0.78848,0.010973908,0.0021947817,0.0043017721
ETHICS commonsense,USA,35+,female,25,0.78744,0.0099753028,0.0019950606,0.0039103187
ETHICS commonsense,USA,35+,male,25,0.78272,0.0115597,0.00231194,0.0045314024
ETHICS deontology,Australia,18-24,female,25,0.642,0.0084459063,0.0016891813,0.0033107953
ETHICS deontology,Australia,18-24,male,25,0.63896,0.0090575935,0.0018115187,0.0035505767
ETHICS deontology,Australia,25-34,female,25,0.63792,0.0082760699,0.001655214,0.0032442194
ETHICS deontology,Australia,25-34,male,25,0.6416,0.0077674535,0.0015534907,0.0030448418
ETHICS deontology,Australia,35+,female,25,0.63632,0.0071572807,0.0014314561,0.002805654
ETHICS deontology,Australia,35+,male,25,0.6408,0.0078315601,0.001566312,0.0030699716
ETHICS deontology,Brazil,18-24,female,25,0.63416,0.010502698,0.0021005396,0.0041170576
ETHICS deontology,Brazil,18-24,male,25,0.63928,0.010081005,0.002016201,0.0039517541
ETHICS deontology,Brazil,25-34,female,25,0.63072,0.0076785415,0.0015357083,0.0030099883
ETHICS deontology,Brazil,25-34,male,25,0.63152,0.0070776644,0.0014155329,0.0027744444
ETHICS deontology,Brazil,35+,female,25,0.64088,0.010215674,0.0020431348,0.0040045443
ETHICS deontology,Brazil,35+,male,25,0.63336,0.010827742,0.0021655484,0.0042444749
ETHICS deontology,China,18-24,female,25,0.63856,0.0088979398,0.001779588,0.0034879924
ETHICS deontology,China,18-24,male,25,0.63488,0.014012851,0.0028025702,0.0054930377
ETHICS deontology,China,25-34,female,25,0.63656,0.0094077982,0.0018815596,0.0036878569
ETHICS deontology,China,25-34,male,25,0.63536,0.0092325511,0.0018465102,0.00361916
ETHICS deontology,China,35+,female,25,0.63616,0.0098812955,0.0019762591,0.0038734678
ETHICS deontology,China,35+,male,25,0.63264,0.0081182921,0.0016236584,0.0031823705
ETHICS deontology,Germany,18-24,female,25,0.6376,0.0086986589,0.0017397318,0.0034098743
ETHICS deontology,Germany,18-24,male,25,0.6436,0.0070237692,0.0014047538,0.0027533175
ETHICS deontology,Germany,25-34,female,25,0.63608,0.010793208,0.0021586415,0.0042309374
ETHICS deontology,Germany,25-34,male,25,0.64488,0.0074179961,0.0014835992,0.0029078545
ETHICS deontology,Germany,35+,female,25,0.6344,0.010692677,0.0021385353,0.0041915292
ETHICS deontology,Germany,35+,male,25,0.6416,0.0068799225,0.0013759845,0.0026969296
ETHICS deontology,India,18-24,female,25,0.62608,0.014496896,0.0028993792,0.0056827833
ETHICS deontology,India,18-24,male,25,0.63648,0.0099210215,0.0019842043,0.0038890404
ETHICS deontology,India,25-34,female,25,0.63312,0.010313098,0.0020626197,0.0040427346
ETHICS deontology,India,25-34,male,25,0.63112,0.0088332704,0.0017666541,0.003462642
ETHICS deontology,India,35+,female,25,0.63,0.011150486,0.0022300972,0.0043709904
ETHICS deontology,India,35+,male,25,0.6332,0.010661457,0.0021322914,0.0041792912
ETHICS deontology,South Afric,18-24,female,25,0.63736,0.011071284,0.0022142568,0.0043399434
ETHICS deontology,South Afric,18-24,male,25,0.6348,0.010392305,0.002078461,0.0040737835
ETHICS deontology,South Afric,25-34,female,25,0.6376,0.0088694231,0.0017738846,0.0034768139
ETHICS deontology,South Afric,25-34,male,25,0.63672,0.0091265181,0.0018253036,0.0035775951
ETHICS deontology,South Afric,35+,female,25,0.63272,0.0094318609,0.0018863722,0.0036972895
ETHICS deontology,South Afric,35+,male,25,0.6384,0.010424331,0.0020848661,0.0040863376
ETHICS deontology,USA,18-24,female,25,0.63904,0.0090759756,0.0018151951,0.0035577824
ETHICS deontology,USA,18-24,male,25,0.64048,0.0070776644,0.0014155329,0.0027744444
ETHICS deontology,USA,25-34,female,25,0.64104,0.0088716778,0.0017743356,0.0034776977
ETHICS deontology,USA,25-34,male,25,0.6364,0.01335415,0.0026708301,0.005234827
ETHICS deontology,USA,35+,female,25,0.63592,0.0078417685,0.0015683537,0.0030739733
ETHICS deontology,USA,35+,male,25,0.64272,0.0089233775,0.0017846755,0.003497964
ETHICS justice,Australia,18-24,female,25,0.6516,0.012569805,0.002513961,0.0049273636
ETHICS justice,Australia,18-24,male,25,0.65368,0.01697724,0.0033954479,0.0066550779
ETHICS justice,Australia,25-34,female,25,0.64848,0.0098197081,0.0019639416,0.0038493256
ETHICS justice,Australia,25-34,male,25,0.65488,0.018249018,0.0036498036,0.0071536151
ETHICS justice,Australia,35+,female,25,0.64656,0.012308804,0.0024617609,0.0048250513
ETHICS justice,Australia,35+,male,25,0.64992,0.012642257,0.0025284514,0.0049557648
ETHICS justice,Brazil,18-24,female,25,0.64456,0.01509437,0.003018874,0.005916993
ETHICS justice,Brazil,18-24,male,25,0.65336,0.016459243,0.0032918485,0.0064520231
ETHICS justice,Brazil,25-34,female,25,0.64064,0.010904433,0.0021808867,0.0042745379
ETHICS justice,Brazil,25-34,male,25,0.64056,0.010480458,0.0020960916,0.0041083395
ETHICS justice,Brazil,35+,female,25,0.6492,0.014583095,0.002916619,0.0057165733
ETHICS justice,Brazil,35+,male,25,0.64504,0.015525463,0.0031050926,0.0060859815
ETHICS justice,China,18-24,female,25,0.64896,0.017493999,0.0034987998,0.0068576476
ETHICS justice,China,18-24,male,25,0.64616,0.01932977,0.003865954,0.0075772698
ETHICS justice,China,25-34,female,25,0.64576,0.014835992,0.0029671985,0.005815709
ETHICS justice,China,25-34,male,25,0.64048,0.011836103,0.0023672206,0.0046397524
ETHICS justice,China,35+,female,25,0.6424,0.010327956,0.0020655911,0.0040485586
ETHICS justice,China,35+,male,25,0.6408,0.0070237692,0.0014047538,0.0027533175
ETHICS justice,Germany,18-24,female,25,0.64728,0.014397685,0.002879537,0.0056438925
ETHICS justice,Germany,18-24,male,25,0.6604,0.01747379,0.003494758,0.0068497256
ETHICS justice,Germany,25-34,female,25,0.64776,0.015300545,0.0030601089,0.0059978135
ETHICS justice,Germany,25-34,male,25,0.6604,0.017253019,0.0034506038,0.0067631835
ETHICS justice,Germany,35+,female,25,0.64424,0.01423985,0.00284797,0.0055820213
ETHICS justice,Germany,35+,male,25,0.6532,0.014933185,0.0029866369,0.0058538083
ETHICS justice,India,18-24,female,25,0.63136,0.014079773,0.0028159545,0.0055192709
ETHICS justice,India,18-24,male,25,0.64496,0.013217665,0.002643533,0.0051813247
ETHICS justice,India,25-34,female,25,0.64072,0.0123677,0.00247354,0.0048481383
ETHICS justice,India,25-34,male,25,0.64112,0.012623787,0.0025247574,0.0049485245
ETHICS justice,India,35+,female,25,0.6384,0.015383974,0.0030767949,0.0060305179
ETHICS justice,India,35+,male,25,0.6376,0.010692677,0.0021385353,0.0041915292
ETHICS justice,South Afric,18-24,female,25,0.648,0.018466185,0.0036932371,0.0072387446
ETHICS justice,South Afric,18-24,male,25,0.64512,0.019000702,0.0038001403,0.0074482751
ETHICS justice,South Afric,25-34,female,25,0.64672,0.011385371,0.0022770741,0.0044630653
ETHICS justice,South Afric,25-34,male,25,0.64712,0.014810807,0.0029621614,0.0058058363
ETHICS justice,South Afric,35+,female,25,0.64152,0.010283968,0.0020567936,0.0040313155
ETHICS justice,South Afric,35+,male,25,0.64656,0.014849467,0.0029698934,0.005820991
ETHICS justice,USA,18-24,female,25,0.64728,0.013746272,0.0027492544,0.0053885387
ETHICS justice,USA,18-24,male,25,0.64968,0.013424853,0.0026849705,0.0052625422
ETHICS justice,USA,25-34,female,25,0.64872,0.011970519,0.0023941039,0.0046924436
ETHICS justice,USA,25-34,male,25,0.64712,0.01769256,0.0035385119,0.0069354834
ETHICS justice,USA,35+,female,25,0.6468,0.012342339,0.0024684678,0.0048381969
ETHICS justice,USA,35+,male,25,0.65344,0.014983547,0.0029967093,0.0058735502
ETHICS utilitarianism,Australia,18-24,female,25,0.62472,0.022247697,0.0044495393,0.008721097
ETHICS utilitarianism,Australia,18-24,male,25,0.6276,0.02395134,0.0047902679,0.0093889251
ETHICS utilitarianism,Australia,25-34,female,25,0.63104,0.018957145,0.0037914289,0.0074312007
ETHICS utilitarianism,Australia,25-34,male,25,0.62712,0.018664405,0.0037328809,0.0073164466
ETHICS utilitarianism,Australia,35+,female,25,0.63752,0.022047524,0.0044095049,0.0086426296
ETHICS utilitarianism,Australia,35+,male,25,0.6372,0.028734416,0.0057468832,0.011263891
ETHICS utilitarianism,Brazil,18-24,female,25,0.62696,0.020697182,0.0041394364,0.0081132953
ETHICS utilitarianism,Brazil,18-24,male,25,0.63248,0.020834907,0.0041669813,0.0081672834
ETHICS utilitarianism,Brazil,25-34,female,25,0.64024,0.020275766,0.0040551531,0.0079481001
ETHICS utilitarianism,Brazil,25-34,male,25,0.64072,0.02288289,0.0045765781,0.008970093
ETHICS utilitarianism,Brazil,35+,female,25,0.62496,0.021229853,0.0042459706,0.0083221025
ETHICS utilitarianism,Brazil,35+,male,25,0.63864,0.023185628,0.0046371255,0.0090887661
ETHICS utilitarianism,China,18-24,female,25,0.6204,0.01340398,0.0026807959,0.00525436
ETHICS utilitarianism,China,18-24,male,25,0.62448,0.015898428,0.0031796855,0.0062321836
ETHICS utilitarianism,China,25-34,female,25,0.62904,0.024056323,0.0048112646,0.0094300785
ETHICS utilitarianism,China,25-34,male,25,0.62824,0.019649597,0.0039299194,0.0077026421
ETHICS utilitarianism,China,35+,female,25,0.63328,0.019577879,0.0039155757,0.0076745284
ETHICS utilitarianism,China,35+,male,25,0.62624,0.016065698,0.0032131397,0.0062977538
ETHICS utilitarianism,Germany,18-24,female,25,0.62552,0.017685022,0.0035370044,0.0069325286
ETHICS utilitarianism,Germany,18-24,male,25,0.6256,0.022590558,0.0045181117,0.0088554989
ETHICS utilitarianism,Germany,25-34,female,25,0.62976,0.0218504,0.0043700801,0.008565357
ETHICS utilitarianism,Germany,25-34,male,25,0.62176,0.016003333,0.0032006666,0.0062733065
ETHICS utilitarianism,Germany,35+,female,25,0.62616,0.020485117,0.0040970233,0.0080301657
ETHICS utilitarianism,Germany,35+,male,25,0.6296,0.021205345,0.004241069,0.0083124953
ETHICS utilitarianism,India,18-24,female,25,0.62432,0.015096136,0.0030192273,0.0059176855
ETHICS utilitarianism,India,18-24,male,25,0.62384,0.022233008,0.0044466017,0.0087153393
ETHICS utilitarianism,India,25-34,female,25,0.63648,0.023897559,0.0047795118,0.0093678432
ETHICS utilitarianism,India,25-34,male,25,0.63416,0.024569086,0.0049138173,0.0096310818
ETHICS utilitarianism,India,35+,female,25,0.62848,0.017685022,0.0035370044,0.0069325286
ETHICS utilitarianism,India,35+,male,25,0.63168,0.021210689,0.0042421378,0.0083145901
ETHICS utilitarianism,South Afric,18-24,female,25,0.62584,0.014943449,0.0029886898,0.005857832
ETHICS utilitarianism,South Afric,18-24,male,25,0.62456,0.023491275,0.004698255,0.0092085798
ETHICS utilitarianism,South Afric,25-34,female,25,0.63296,0.025007466,0.0050014931,0.0098029265
ETHICS utilitarianism,South Afric,25-34,male,25,0.62488,0.021733845,0.0043467689,0.0085196671
ETHICS utilitarianism,South Afric,35+,female,25,0.6328,0.022538855,0.0045077711,0.0088352313
ETHICS utilitarianism,South Afric,35+,male,25,0.6332,0.024296776,0.0048593552,0.0095243363
ETHICS utilitarianism,USA,18-24,female,25,0.63536,0.027717143,0.0055434285,0.01086512
ETHICS utilitarianism,USA,18-24,male,25,0.6308,0.022090722,0.0044181444,0.008659563
ETHICS utilitarianism,USA,25-34,female,25,0.63024,0.017770012,0.0035540024,0.0069658448
ETHICS utilitarianism,USA,25-34,male,25,0.63088,0.020000667,0.0040001333,0.0078402613
ETHICS utilitarianism,USA,35+,female,25,0.6308,0.020696215,0.0041392431,0.0081129165
ETHICS utilitarianism,USA,35+,male,25,0.63728,0.026406312,0.0052812625,0.010351274
ETHICS virtue,Australia,18-24,female,25,0.90376,0.0069598851,0.001391977,0.0027282749
ETHICS virtue,Australia,18-24,male,25,0.90544,0.0074502796,0.0014900559,0.0029205096
ETHICS virtue,Australia,25-34,female,25,0.89824,0.0081510735,0.0016302147,0.0031952208
ETHICS virtue,Australia,25-34,male,25,0.90416,0.0062695029,0.0012539006,0.0024576451
ETHICS virtue,Australia,35+,female,25,0.90008,0.0076262704,0.0015252541,0.002989498
ETHICS virtue,Australia,35+,male,25,0.902,0.007,0.0014,0.002744
ETHICS virtue,Brazil,18-24,female,25,0.89928,0.010212411,0.0020424822,0.004003265
ETHICS virtue,Brazil,18-24,male,25,0.9048,0.0075718778,0.0015143756,0.0029681761
ETHICS virtue,Brazil,25-34,female,25,0.89888,0.0081256795,0.0016251359,0.0031852663
ETHICS virtue,Brazil,25-34,male,25,0.89912,0.0069541355,0.0013908271,0.0027260211
ETHICS virtue,Brazil,35+,female,25,0.90024,0.013169662,0.0026339324,0.0051625075
ETHICS virtue,Brazil,35+,male,25,0.90024,0.0070076149,0.001401523,0.002746985
ETHICS virtue,China,18-24,female,25,0.90504,0.0065350338,0.0013070068,0.0025617332
ETHICS virtue,China,18-24,male,25,0.90384,0.0053826883,0.0010765377,0.0021100138
ETHICS virtue,China,25-34,female,25,0.90328,0.0059408192,0.0011881638,0.0023288011
ETHICS virtue,China,25-34,male,25,0.89992,0.010156771,0.0020313542,0.0039814543
ETHICS virtue,China,35+,female,25,0.90016,0.0083050186,0.0016610037,0.0032555673
ETHICS virtue,China,35+,male,25,0.9028,0.0064031242,0.0012806248,0.0025100247
ETHICS virtue,Germany,18-24,female,25,0.9,0.0086023253,0.0017204651,0.0033721115
ETHICS virtue,Germany,18-24,male,25,0.904,0.0084063468,0.0016812694,0.0032952879
ETHICS virtue,Germany,25-34,female,25,0.89952,0.0085299472,0.0017059894,0.0033437393
ETHICS virtue,Germany,25-34,male,25,0.90704,0.0048345975,0.00096691951,0.0018951622
ETHICS virtue,Germany,35+,female,25,0.902,0.0074610098,0.001492202,0.0029247158
ETHICS virtue,Germany,35+,male,25,0.90272,0.0079137012,0.0015827402,0.0031021709
ETHICS virtue,India,18-24,female,25,0.89488,0.0090568574,0.0018113715,0.0035502881
ETHICS virtue,India,18-24,male,25,0.90456,0.0077140564,0.0015428113,0.0030239101
ETHICS virtue,India,25-34,female,25,0.89688,0.0082275958,0.0016455192,0.0032252176
ETHICS virtue,India,25-34,male,25,0.89976,0.0068634297,0.0013726859,0.0026904644
ETHICS virtue,India,35+,female,25,0.89976,0.0062535323,0.0012507065,0.0024513847
ETHICS virtue,India,35+,male,25,0.89792,0.0090458093,0.0018091619,0.0035459573
ETHICS virtue,South Afric,18-24,female,25,0.90152,0.0075339233,0.0015067847,0.0029532979
ETHICS virtue,South Afric,18-24,male,25,0.90256,0.0079271685,0.0015854337,0.00310745
ETHICS virtue,South Afric,25-34,female,25,0.89968,0.0092678656,0.0018535731,0.0036330033
ETHICS virtue,South Afric,25-34,male,25,0.90408,0.0055521768,0.0011104354,0.0021764533
ETHICS virtue,South Afric,35+,female,25,0.89904,0.007960737,0.0015921474,0.0031206089
ETHICS virtue,South Afric,35+,male,25,0.9012,0.0064807407,0.0012961481,0.0025404504
ETHICS virtue,USA,18-24,female,25,0.89808,0.0082154326,0.0016430865,0.0032204496
ETHICS virtue,USA,18-24,male,25,0.90408,0.0078204859,0.0015640972,0.0030656305
ETHICS virtue,USA,25-34,female,25,0.89904,0.0071442284,0.0014288457,0.0028005375
ETHICS virtue,USA,25-34,male,25,0.89984,0.0089613987,0.0017922797,0.0035128683
ETHICS virtue,USA,35+,female,25,0.90032,0.0076087669,0.0015217534,0.0029826366
ETHICS virtue,USA,35+,male,25,0.9016,0.0069761498,0.00139523,0.0027346507
HHH alignment,Australia,18-24,female,25,0.46552036,0.0023800504,0.00047601007,0.00093297974
HHH alignment,Australia,18-24,male,25,0.46552036,0.0027149321,0.00054298643,0.0010642534
HHH alignment,Australia,25-34,female,25,0.46678733,0.0028257909,0.00056515819,0.0011077101
HHH alignment,Australia,25-34,male,25,0.46515837,0.0029208019,0.00058416038,0.0011449544
HHH alignment,Australia,35+,female,25,0.46696833,0.0026124447,0.00052248893,0.0010240783
HHH alignment,Australia,35+,male,25,0.46678733,0.0033760225,0.0006752045,0.0013234008
HHH alignment,Brazil,18-24,female,25,0.46461538,0.0021542771,0.00043085541,0.0008444766
HHH alignment,Brazil,18-24,male,25,0.46497738,0.0032733838,0.00065467675,0.0012831664
HHH alignment,Brazil,25-34,female,25,0.46425339,0.0026124447,0.00052248893,0.0010240783
HHH alignment,Brazil,25-34,male,25,0.46588235,0.0033250992,0.00066501984,0.0013034389
HHH alignment,Brazil,35+,female,25,0.46660633,0.0027149321,0.00054298643,0.0010642534
HHH alignment,Brazil,35+,male,25,0.46588235,0.0027647516,0.00055295031,0.0010837826
HHH alignment,China,18-24,female,25,0.46515837,0.0031995782,0.00063991564,0.0012542347
HHH alignment,China,18-24,male,25,0.46533937,0.0031130871,0.00062261742,0.0012203301
HHH alignment,China,25-34,female,25,0.46533937,0.0031130871,0.00062261742,0.0012203301
HHH alignment,China,25-34,male,25,0.46533937,0.0028257909,0.00056515819,0.0011077101
HHH alignment,China,35+,female,25,0.46552036,0.0027149321,0.00054298643,0.0010642534
HHH alignment,China,35+,male,25,0.46606335,0.0026124447,0.00052248893,0.0010240783
HHH alignment,Germany,18-24,female,25,0.46533937,0.0021383781,0.00042767562,0.00083824422
HHH alignment,Germany,18-24,male,25,0.46552036,0.0027149321,0.00054298643,0.0010642534
HHH alignment,Germany,25-34,female,25,0.46642534,0.0028973413,0.00057946826,0.0011357578
HHH alignment,Germany,25-34,male,25,0.46588235,0.0027647516,0.00055295031,0.0010837826
HHH alignment,Germany,35+,female,25,0.46606335,0.0029208019,0.00058416038,0.0011449544
HHH alignment,Germany,35+,male,25,0.46552036,0.0030128182,0.00060256363,0.0011810247
HHH alignment,India,18-24,female,25,0.46533937,0.0025057689,0.00050115378,0.0009822614
HHH alignment,India,18-24,male,25,0.46570136,0.0028973413,0.00057946826,0.0011357578
HHH alignment,India,25-34,female,25,0.46497738,0.0030014704,0.00060029408,0.0011765764
HHH alignment,India,25-34,male,25,0.46515837,0.0026124447,0.00052248893,0.0010240783
HHH alignment,India,35+,female,25,0.46606335,0.0026124447,0.00052248893,0.0010240783
HHH alignment,India,35+,male,25,0.46552036,0.0030128182,0.00060256363,0.0011810247
HHH alignment,South Afric,18-24,female,25,0.46588235,0.0027647516,0.00055295031,0.0010837826
HHH alignment,South Afric,18-24,male,25,0.46552036,0.0030128182,0.00060256363,0.0011810247
HHH alignment,South Afric,25-34,female,25,0.46570136,0.0028973413,0.00057946826,0.0011357578
HHH alignment,South Afric,25-34,male,25,0.46515837,0.0026124447,0.00052248893,0.0010240783
HHH alignment,South Afric,35+,female,25,0.46425339,0.0026124447,0.00052248893,0.0010240783
HHH alignment,South Afric,35+,male,25,0.46678733,0.0028257909,0.00056515819,0.0011077101
HHH alignment,USA,18-24,female,25,0.46588235,0.0024367262,0.00048734523,0.00095519665
HHH alignment,USA,18-24,male,25,0.46696833,0.0031995782,0.00063991564,0.0012542347
HHH alignment,USA,25-34,female,25,0.46588235,0.0027647516,0.00055295031,0.0010837826
HHH alignment,USA,25-34,male,25,0.46461538,0.0028378413,0.00056756826,0.0011124338
HHH alignment,USA,35+,female,25,0.46570136,0.0034361345,0.00068722689,0.0013469647
HHH alignment,USA,35+,male,25,0.46769231,0.0025729596,0.00051459192,0.0010086002
Moral stories (acc_norm),Australia,18-24,female,25,0.63792,0.004142463,0.00082849261,0.0016238455
Moral stories (acc_norm),Australia,18-24,male,25,0.6392,0.0044347116,0.00088694231,0.0017384069
Moral stories (acc_norm),Australia,25-34,female,25,0.63984,0.0032103998,0.00064207995,0.0012584767
Moral stories (acc_norm),Australia,25-34,male,25,0.63896,0.0032721043,0.00065442086,0.0012826649
Moral stories (acc_norm),Australia,35+,female,25,0.64008,0.0038505411,0.00077010822,0.0015094121
Moral stories (acc_norm),Australia,35+,male,25,0.64,0.0037416574,0.00074833148,0.0014667297
Moral stories (acc_norm),Brazil,18-24,female,25,0.64008,0.0042614552,0.00085229103,0.0016704904
Moral stories (acc_norm),Brazil,18-24,male,25,0.6404,0.004,0.0008,0.001568
Moral stories (acc_norm),Brazil,25-34,female,25,0.6428,0.0034156503,0.00068313005,0.0013389349
Moral stories (acc_norm),Brazil,25-34,male,25,0.64272,0.0039949969,0.00079899937,0.0015660388
Moral stories (acc_norm),Brazil,35+,female,25,0.63936,0.0039038443,0.00078076885,0.0015303069
Moral stories (acc_norm),Brazil,35+,male,25,0.64176,0.0039715656,0.00079431312,0.0015568537
Moral stories (acc_norm),China,18-24,female,25,0.63992,0.0034389921,0.00068779842,0.0013480849
Moral stories (acc_norm),China,18-24,male,25,0.64128,0.0039530579,0.00079061158,0.0015495987
Moral stories (acc_norm),China,25-34,female,25,0.6404,0.0032659863,0.00065319726,0.0012802666
Moral stories (acc_norm),China,25-34,male,25,0.64048,0.0028448784,0.00056897569,0.0011151923
Moral stories (acc_norm),China,35+,female,25,0.6404,0.004472136,0.00089442719,0.0017530773
Moral stories (acc_norm),China,35+,male,25,0.64208,0.00329039,0.00065807801,0.0012898329
Moral stories (acc_norm),Germany,18-24,female,25,0.64024,0.0037558843,0.00075117685,0.0014723066
Moral stories (acc_norm),Germany,18-24,male,25,0.638,0.0028867513,0.00057735027,0.0011316065
Moral stories (acc_norm),Germany,25-34,female,25,0.6388,0.0034156503,0.00068313005,0.0013389349
Moral stories (acc_norm),Germany,25-34,male,25,0.63816,0.0032103998,0.00064207995,0.0012584767
Moral stories (acc_norm),Germany,35+,female,25,0.6408,0.0036968455,0.0007393691,0.0014491634
Moral stories (acc_norm),Germany,35+,male,25,0.63928,0.0034097898,0.00068195797,0.0013366376
Moral stories (acc_norm),India,18-24,female,25,0.64112,0.0034195516,0.00068391033,0.0013404642
Moral stories (acc_norm),India,18-24,male,25,0.64048,0.004874423,0.00097488461,0.0019107738
Moral stories (acc_norm),India,25-34,female,25,0.64104,0.0049369356,0.00098738712,0.0019352788
Moral stories (acc_norm),India,25-34,male,25,0.6412,0.0032659863,0.00065319726,0.0012802666
Moral stories (acc_norm),India,35+,female,25,0.64216,0.0032619013,0.00065238026,0.0012786653
Moral stories (acc_norm),India,35+,male,25,0.64096,0.003220766,0.00064415319,0.0012625403
Moral stories (acc_norm),South Afric,18-24,female,25,0.63928,0.004237924,0.0008475848,0.0016612662
Moral stories (acc_norm),South Afric,18-24,male,25,0.63744,0.0031368774,0.00062737549,0.001229656
Moral stories (acc_norm),South Afric,25-34,female,25,0.64032,0.00411015,0.00082203001,0.0016111788
Moral stories (acc_norm),South Afric,25-34,male,25,0.63992,0.0035814336,0.00071628672,0.001403922
Moral stories (acc_norm),South Afric,35+,female,25,0.64112,0.0037452192,0.00074904383,0.0014681259
Moral stories (acc_norm),South Afric,35+,male,25,0.64016,0.0032103998,0.00064207995,0.0012584767
Moral stories (acc_norm),USA,18-24,female,25,0.63944,0.0034409301,0.00068818602,0.0013488446
Moral stories (acc_norm),USA,18-24,male,25,0.63952,0.0038418745,0.00076837491,0.0015060148
Moral stories (acc_norm),USA,25-34,female,25,0.6396,0.0035118846,0.00070237692,0.0013766588
Moral stories (acc_norm),USA,25-34,male,25,0.64064,0.0031474858,0.00062949715,0.0012338144
Moral stories (acc_norm),USA,35+,female,25,0.64096,0.004207929,0.0008415858,0.0016495082
Moral stories (acc_norm),USA,35+,male,25,0.64,0.0031622777,0.00063245553,0.0012396128
Sycophancy (mean of 3),Australia,18-24,female,25,0.97194667,0.0072262895,0.0014452579,0.0028327055
Sycophancy (mean of 3),Australia,18-24,male,25,0.96490667,0.0090612729,0.0018122546,0.003552019
Sycophancy (mean of 3),Australia,25-34,female,25,0.97253333,0.010381608,0.0020763215,0.0040695902
Sycophancy (mean of 3),Australia,25-34,male,25,0.96501333,0.01317,0.0026339999,0.0051626398
Sycophancy (mean of 3),Australia,35+,female,25,0.96917333,0.01194785,0.0023895699,0.0046835571
Sycophancy (mean of 3),Australia,35+,male,25,0.96741333,0.011087731,0.0022175462,0.0043463905
Sycophancy (mean of 3),Brazil,18-24,female,25,0.96213333,0.01644069,0.0032881381,0.0064447506
Sycophancy (mean of 3),Brazil,18-24,male,25,0.95370667,0.029852775,0.0059705549,0.011702288
Sycophancy (mean of 3),Brazil,25-34,female,25,0.96109333,0.013403814,0.0026807627,0.005254295
Sycophancy (mean of 3),Brazil,25-34,male,25,0.95589333,0.012968166,0.0025936332,0.0050835211
Sycophancy (mean of 3),Brazil,35+,female,25,0.96888,0.01121956,0.0022439119,0.0043980674
Sycophancy (mean of 3),Brazil,35+,male,25,0.95530667,0.011743367,0.0023486734,0.0046033998
Sycophancy (mean of 3),China,18-24,female,25,0.96813333,0.012688578,0.0025377155,0.0049739224
Sycophancy (mean of 3),China,18-24,male,25,0.96837333,0.0089195582,0.0017839116,0.0034964668
Sycophancy (mean of 3),China,25-34,female,25,0.97192,0.0088093385,0.0017618677,0.0034532607
Sycophancy (mean of 3),China,25-34,male,25,0.97165333,0.0095667635,0.0019133527,0.0037501713
Sycophancy (mean of 3),China,35+,female,25,0.9684,0.012466251,0.0024932501,0.0048867703
Sycophancy (mean of 3),China,35+,male,25,0.96552,0.0097154325,0.0019430865,0.0038084496
Sycophancy (mean of 3),Germany,18-24,female,25,0.97197333,0.013923707,0.0027847415,0.0054580933
Sycophancy (mean of 3),Germany,18-24,male,25,0.96405333,0.018893385,0.003778677,0.007406207
Sycophancy (mean of 3),Germany,25-34,female,25,0.96733333,0.015072664,0.0030145327,0.0059084841
Sycophancy (mean of 3),Germany,25-34,male,25,0.96474667,0.011752573,0.0023505145,0.0046070085
Sycophancy (mean of 3),Germany,35+,female,25,0.96701333,0.0086797337,0.0017359467,0.0034024556
Sycophancy (mean of 3),Germany,35+,male,25,0.96525333,0.010428451,0.0020856902,0.0040879528
Sycophancy (mean of 3),India,18-24,female,25,0.97533333,0.00928958,0.001857916,0.0036415154
Sycophancy (mean of 3),India,18-24,male,25,0.96965333,0.0097394197,0.0019478839,0.0038178525
Sycophancy (mean of 3),India,25-34,female,25,0.96858667,0.01463041,0.0029260819,0.0057351206
Sycophancy (mean of 3),India,25-34,male,25,0.97024,0.012360151,0.0024720302,0.0048451792
Sycophancy (mean of 3),India,35+,female,25,0.96906667,0.014727148,0.0029454296,0.005773042
Sycophancy (mean of 3),India,35+,male,25,0.96984,0.011055885,0.002211177,0.0043339069
Sycophancy (mean of 3),South Afric,18-24,female,25,0.97050667,0.012389183,0.0024778366,0.0048565597
Sycophancy (mean of 3),South Afric,18-24,male,25,0.96792,0.015940073,0.0031880146,0.0062485086
Sycophancy (mean of 3),South Afric,25-34,female,25,0.96882667,0.011116021,0.0022232042,0.0043574803
Sycophancy (mean of 3),South Afric,25-34,male,25,0.96781333,0.010615363,0.0021230725,0.0041612222
Sycophancy (mean of 3),South Afric,35+,female,25,0.96810667,0.011345875,0.0022691751,0.0044475832
Sycophancy (mean of 3),South Afric,35+,male,25,0.97016,0.0084047606,0.0016809521,0.0032946661
Sycophancy (mean of 3),USA,18-24,female,25,0.97266667,0.010502204,0.0021004409,0.0041168641
Sycophancy (mean of 3),USA,18-24,male,25,0.96650667,0.010009773,0.0020019546,0.003923831
Sycophancy (mean of 3),USA,25-34,female,25,0.97365333,0.010597204,0.0021194409,0.0041541041
Sycophancy (mean of 3),USA,25-34,male,25,0.96208,0.011728913,0.0023457827,0.004597734
Sycophancy (mean of 3),USA,35+,female,25,0.96653333,0.013323608,0.0026647215,0.0052228542
Sycophancy (mean of 3),USA,35+,male,25,0.96432,0.014749915,0.0029499831,0.0057819668
