model,config,offtarget_leakage,macro_downstream_delta
tulu-2-7b,O HIGH β=0.01,0.1150,+0.0054
tulu-2-7b,O HIGH β=0.1,0.1292,+0.0050
tulu-2-7b,O HIGH β=0.5,0.1058,+0.0043
tulu-2-7b,O LOW β=0.01,0.0558,+0.0002
tulu-2-7b,O LOW β=0.1,0.0517,+0.0023
tulu-2-7b,O LOW β=0.5,0.0500,+0.0003
tulu-2-7b,C HIGH β=0.01,0.1342,+0.0035
tulu-2-7b,C HIGH β=0.1,0.1233,+0.0026
tulu-2-7b,C HIGH β=0.5,0.1133,+0.0025
tulu-2-7b,C LOW β=0.01,0.0550,-0.0002
tulu-2-7b,C LOW β=0.1,0.0492,-0.0001
tulu-2-7b,C LOW β=0.5,0.0567,+0.0016
tulu-2-7b,E HIGH β=0.01,0.0875,+0.0022
tulu-2-7b,E HIGH β=0.1,0.0958,+0.0051
tulu-2-7b,E HIGH β=0.5,0.0917,+0.0016
tulu-2-7b,E LOW β=0.01,0.0517,-0.0018
tulu-2-7b,E LOW β=0.1,0.0575,+0.0004
tulu-2-7b,E LOW β=0.5,0.0725,+0.0024
tulu-2-7b,A HIGH β=0.01,0.0967,+0.0036
tulu-2-7b,A HIGH β=0.1,0.1025,+0.0048
tulu-2-7b,A HIGH β=0.5,0.0875,+0.0062
tulu-2-7b,A LOW β=0.01,0.0542,+0.0024
tulu-2-7b,A LOW β=0.1,0.0508,+0.0002
tulu-2-7b,A LOW β=0.5,0.0300,-0.0000
tulu-2-7b,N HIGH β=0.01,0.0942,+0.0023
tulu-2-7b,N HIGH β=0.1,0.0917,+0.0013
tulu-2-7b,N HIGH β=0.5,0.0883,+0.0008
tulu-2-7b,N LOW β=0.01,0.0575,+0.0010
tulu-2-7b,N LOW β=0.1,0.0750,+0.0029
tulu-2-7b,N LOW β=0.5,0.0717,+0.0008
tulu-2-13b,O HIGH β=0.01,0.1417,+0.0023
tulu-2-13b,O HIGH β=0.1,0.1400,+0.0011
tulu-2-13b,O HIGH β=0.5,0.1367,+0.0019
tulu-2-13b,O LOW β=0.01,0.0792,+0.0006
tulu-2-13b,O LOW β=0.1,0.0550,-0.0023
tulu-2-13b,O LOW β=0.5,0.0433,-0.0018
tulu-2-13b,C HIGH β=0.01,0.1508,+0.0021
tulu-2-13b,C HIGH β=0.1,0.1392,+0.0024
tulu-2-13b,C HIGH β=0.5,0.1292,+0.0034
tulu-2-13b,C LOW β=0.01,0.1633,-0.0024
tulu-2-13b,C LOW β=0.1,0.1617,-0.0000
tulu-2-13b,C LOW β=0.5,0.1858,-0.0017
tulu-2-13b,E HIGH β=0.01,0.1100,+0.0024
tulu-2-13b,E HIGH β=0.1,0.1117,+0.0003
tulu-2-13b,E HIGH β=0.5,0.0875,+0.0024
tulu-2-13b,E LOW β=0.01,0.1667,-0.0026
tulu-2-13b,E LOW β=0.1,0.1483,+0.0017
tulu-2-13b,E LOW β=0.5,0.1717,+0.0021
tulu-2-13b,A HIGH β=0.01,0.1258,+0.0013
tulu-2-13b,A HIGH β=0.1,0.1158,+0.0015
tulu-2-13b,A HIGH β=0.5,0.0942,+0.0022
tulu-2-13b,A LOW β=0.01,0.1358,-0.0008
tulu-2-13b,A LOW β=0.1,0.1233,+0.0007
tulu-2-13b,A LOW β=0.5,0.1492,+0.0016
tulu-2-13b,N HIGH β=0.01,0.1125,+0.0004
tulu-2-13b,N HIGH β=0.1,0.1242,-0.0014
tulu-2-13b,N HIGH β=0.5,0.1208,+0.0003
tulu-2-13b,N LOW β=0.01,0.1125,+0.0025
tulu-2-13b,N LOW β=0.1,0.0875,+0.0015
tulu-2-13b,N LOW β=0.5,0.0892,+0.0014
vicuna-7b-v1.5,O HIGH β=0.01,0.1475,+0.0006
vicuna-7b-v1.5,O HIGH β=0.1,0.1533,+0.0017
vicuna-7b-v1.5,O HIGH β=0.5,0.1700,+0.0010
vicuna-7b-v1.5,O LOW β=0.01,0.0733,-0.0022
vicuna-7b-v1.5,O LOW β=0.1,0.0867,-0.0021
vicuna-7b-v1.5,O LOW β=0.5,0.0933,-0.0017
vicuna-7b-v1.5,C HIGH β=0.01,0.0800,-0.0003
vicuna-7b-v1.5,C HIGH β=0.1,0.1317,+0.0004
vicuna-7b-v1.5,C HIGH β=0.5,0.0833,+0.0014
vicuna-7b-v1.5,C LOW β=0.01,0.0783,-0.0005
vicuna-7b-v1.5,C LOW β=0.1,0.0725,-0.0023
vicuna-7b-v1.5,C LOW β=0.5,0.0608,-0.0026
vicuna-7b-v1.5,E HIGH β=0.01,0.0967,+0.0004
vicuna-7b-v1.5,E HIGH β=0.1,0.1075,-0.0019
vicuna-7b-v1.5,E HIGH β=0.5,0.0925,+0.0001
vicuna-7b-v1.5,E LOW β=0.01,0.0583,-0.0001
vicuna-7b-v1.5,E LOW β=0.1,0.0817,-0.0010
vicuna-7b-v1.5,E LOW β=0.5,0.0658,-0.0017
vicuna-7b-v1.5,A HIGH β=0.01,0.0792,+0.0020
vicuna-7b-v1.5,A HIGH β=0.1,0.0783,+0.0049
vicuna-7b-v1.5,A HIGH β=0.5,0.0717,+0.0003
vicuna-7b-v1.5,A LOW β=0.01,0.0742,-0.0029
vicuna-7b-v1.5,A LOW β=0.1,0.0617,-0.0012
vicuna-7b-v1.5,A LOW β=0.5,0.0692,-0.0009
vicuna-7b-v1.5,N HIGH β=0.01,0.0808,+0.0011
vicuna-7b-v1.5,N HIGH β=0.1,0.0842,+0.0019
vicuna-7b-v1.5,N HIGH β=0.5,0.0650,+0.0012
vicuna-7b-v1.5,N LOW β=0.01,0.0458,-0.0009
vicuna-7b-v1.5,N LOW β=0.1,0.0483,-0.0009
vicuna-7b-v1.5,N LOW β=0.5,0.0575,+0.0003
vicuna-13b-v1.5,O HIGH β=0.01,0.0917,-0.0005
vicuna-13b-v1.5,O HIGH β=0.1,0.0958,+0.0001
vicuna-13b-v1.5,O HIGH β=0.5,0.0908,-0.0008
vicuna-13b-v1.5,O LOW β=0.01,0.0817,-0.0026
vicuna-13b-v1.5,O LOW β=0.1,0.0900,-0.0029
vicuna-13b-v1.5,O LOW β=0.5,0.0692,-0.0016
vicuna-13b-v1.5,C HIGH β=0.01,0.1417,+0.0012
vicuna-13b-v1.5,C HIGH β=0.1,0.1000,-0.0015
vicuna-13b-v1.5,C HIGH β=0.5,0.0983,+0.0015
vicuna-13b-v1.5,C LOW β=0.01,0.0975,+0.0003
vicuna-13b-v1.5,C LOW β=0.1,0.1708,-0.0018
vicuna-13b-v1.5,C LOW β=0.5,0.1892,-0.0003
vicuna-13b-v1.5,E HIGH β=0.01,0.0742,-0.0009
vicuna-13b-v1.5,E HIGH β=0.1,0.0533,-0.0038
vicuna-13b-v1.5,E HIGH β=0.5,0.0425,-0.0013
vicuna-13b-v1.5,E LOW β=0.01,0.1767,-0.0024
vicuna-13b-v1.5,E LOW β=0.1,0.2158,-0.0028
vicuna-13b-v1.5,E LOW β=0.5,0.1533,-0.0045
vicuna-13b-v1.5,A HIGH β=0.01,0.1467,+0.0001
vicuna-13b-v1.5,A HIGH β=0.1,0.1517,+0.0008
vicuna-13b-v1.5,A HIGH β=0.5,0.0792,-0.0000
vicuna-13b-v1.5,A LOW β=0.01,0.1200,-0.0024
vicuna-13b-v1.5,A LOW β=0.1,0.1458,-0.0013
vicuna-13b-v1.5,A LOW β=0.5,0.1383,-0.0029
vicuna-13b-v1.5,N HIGH β=0.01,0.1842,-0.0033
vicuna-13b-v1.5,N HIGH β=0.1,0.2225,-0.0002
vicuna-13b-v1.5,N HIGH β=0.5,0.1892,-0.0016
vicuna-13b-v1.5,N LOW β=0.01,0.1317,-0.0003
vicuna-13b-v1.5,N LOW β=0.1,0.1442,-0.0006
vicuna-13b-v1.5,N LOW β=0.5,0.1317,+0.0007
wizardLM-7B,O HIGH β=0.01,0.1042,-0.0011
wizardLM-7B,O HIGH β=0.1,0.0958,-0.0010
wizardLM-7B,O HIGH β=0.5,0.1100,-0.0007
wizardLM-7B,O LOW β=0.01,0.0742,+0.0009
wizardLM-7B,O LOW β=0.1,0.0742,-0.0016
wizardLM-7B,O LOW β=0.5,0.0775,-0.0005
wizardLM-7B,C HIGH β=0.01,0.1050,+0.0012
wizardLM-7B,C HIGH β=0.1,0.0975,+0.0013
wizardLM-7B,C HIGH β=0.5,0.1075,+0.0002
wizardLM-7B,C LOW β=0.01,0.0800,-0.0027
wizardLM-7B,C LOW β=0.1,0.0767,-0.0016
wizardLM-7B,C LOW β=0.5,0.0900,-0.0025
wizardLM-7B,E HIGH β=0.01,0.0883,-0.0024
wizardLM-7B,E HIGH β=0.1,0.0900,-0.0009
wizardLM-7B,E HIGH β=0.5,0.0708,-0.0011
wizardLM-7B,E LOW β=0.01,0.1158,-0.0020
wizardLM-7B,E LOW β=0.1,0.1208,-0.0008
wizardLM-7B,E LOW β=0.5,0.0583,+0.0001
wizardLM-7B,A HIGH β=0.01,0.1242,-0.0004
wizardLM-7B,A HIGH β=0.1,0.0983,+0.0015
wizardLM-7B,A HIGH β=0.5,0.0717,+0.0023
wizardLM-7B,A LOW β=0.01,0.0942,-0.0058
wizardLM-7B,A LOW β=0.1,0.0625,-0.0031
wizardLM-7B,A LOW β=0.5,0.1033,-0.0018
wizardLM-7B,N HIGH β=0.01,0.1033,-0.0020
wizardLM-7B,N HIGH β=0.1,0.0950,+0.0001
wizardLM-7B,N HIGH β=0.5,0.0908,-0.0008
wizardLM-7B,N LOW β=0.01,0.0167,-0.0042
wizardLM-7B,N LOW β=0.1,0.0308,-0.0014
wizardLM-7B,N LOW β=0.5,0.0292,-0.0030
Nous-Hermes-2-Mixtral-8x7B-SFT,O HIGH β=0.01,0.3250,+0.0104
Nous-Hermes-2-Mixtral-8x7B-SFT,O HIGH β=0.1,0.3617,+0.0096
Nous-Hermes-2-Mixtral-8x7B-SFT,O HIGH β=0.5,0.3233,+0.0045
Nous-Hermes-2-Mixtral-8x7B-SFT,O LOW β=0.01,0.2150,-0.0007
Nous-Hermes-2-Mixtral-8x7B-SFT,O LOW β=0.1,0.1525,-0.0003
Nous-Hermes-2-Mixtral-8x7B-SFT,O LOW β=0.5,0.1583,+0.0039
Nous-Hermes-2-Mixtral-8x7B-SFT,C HIGH β=0.01,0.4367,+0.0080
Nous-Hermes-2-Mixtral-8x7B-SFT,C HIGH β=0.1,0.4758,+0.0038
Nous-Hermes-2-Mixtral-8x7B-SFT,C HIGH β=0.5,0.1750,+0.0043
Nous-Hermes-2-Mixtral-8x7B-SFT,C LOW β=0.01,0.1608,-0.0046
Nous-Hermes-2-Mixtral-8x7B-SFT,C LOW β=0.1,0.2375,-0.0030
Nous-Hermes-2-Mixtral-8x7B-SFT,C LOW β=0.5,0.1983,-0.0019
Nous-Hermes-2-Mixtral-8x7B-SFT,E HIGH β=0.01,0.2617,+0.0012
Nous-Hermes-2-Mixtral-8x7B-SFT,E HIGH β=0.1,0.2325,+0.0027
Nous-Hermes-2-Mixtral-8x7B-SFT,E HIGH β=0.5,0.2192,+0.0016
Nous-Hermes-2-Mixtral-8x7B-SFT,E LOW β=0.01,0.3225,+0.0064
Nous-Hermes-2-Mixtral-8x7B-SFT,E LOW β=0.1,0.1983,+0.0066
Nous-Hermes-2-Mixtral-8x7B-SFT,E LOW β=0.5,0.2025,+0.0048
Nous-Hermes-2-Mixtral-8x7B-SFT,A HIGH β=0.01,0.3408,+0.0078
Nous-Hermes-2-Mixtral-8x7B-SFT,A HIGH β=0.1,0.3983,+0.0118
Nous-Hermes-2-Mixtral-8x7B-SFT,A HIGH β=0.5,0.1592,+0.0053
Nous-Hermes-2-Mixtral-8x7B-SFT,A LOW β=0.01,0.3317,-0.0043
Nous-Hermes-2-Mixtral-8x7B-SFT,A LOW β=0.1,0.1542,-0.0026
Nous-Hermes-2-Mixtral-8x7B-SFT,A LOW β=0.5,0.2200,-0.0032
Nous-Hermes-2-Mixtral-8x7B-SFT,N HIGH β=0.01,0.1867,-0.0015
Nous-Hermes-2-Mixtral-8x7B-SFT,N HIGH β=0.1,0.1450,-0.0011
Nous-Hermes-2-Mixtral-8x7B-SFT,N HIGH β=0.5,0.1442,+0.0032
Nous-Hermes-2-Mixtral-8x7B-SFT,N LOW β=0.01,0.2008,+0.0035
Nous-Hermes-2-Mixtral-8x7B-SFT,N LOW β=0.1,0.1725,+0.0049
Nous-Hermes-2-Mixtral-8x7B-SFT,N LOW β=0.5,0.0875,+0.0035
